year,seção_id,seção_descrição,divisão_id,divisão_descrição,numero_de_empresas,pessoal_ocupado_total,pessoal_ocupado_assalariados,alto_crescimento
2014,A,"Agricultura, pecuária, produção florestal, pesca e aquicultura",1,"Agricultura, pecuária e serviços relacionados",228,45258,44733,Alto Crescimento
2014,A,"Agricultura, pecuária, produção florestal, pesca e aquicultura",2,Produção florestal,79,14655,14458,Alto Crescimento
2014,A,"Agricultura, pecuária, produção florestal, pesca e aquicultura",3,Pesca e aquicultura,19,2126,2079,Alto Crescimento
2014,B,Indústrias extrativas,5,Extração de carvão mineral,1,-1,-1,Alto Crescimento
2014,B,Indústrias extrativas,6,Extração de petróleo e gás natural,4,-1,-1,Alto Crescimento
2014,B,Indústrias extrativas,7,Extração de minerais metálicos,23,8356,8315,Alto Crescimento
2014,B,Indústrias extrativas,8,Extração de minerais não-metálicos,108,6221,6041,Alto Crescimento
2014,B,Indústrias extrativas,9,Atividades de apoio à extração de minerais,19,13800,13788,Alto Crescimento
2014,C,Indústrias de transformação,10,Fabricação de produtos alimentícios,903,221576,220128,Alto Crescimento
2014,C,Indústrias de transformação,11,Fabricação de bebidas,69,52919,52840,Alto Crescimento
2014,C,Indústrias de transformação,12,Fabricação de produtos do fumo,6,622,612,Alto Crescimento
2014,C,Indústrias de transformação,13,Fabricação de produtos têxteis,234,24230,23875,Alto Crescimento
2014,C,Indústrias de transformação,14,Confecção de artigos do vestuário e acessórios,933,82655,81346,Alto Crescimento
2014,C,Indústrias de transformação,15,"Preparação de couros e fabricação de artefatos de couro, artigos para viagem e calçados",358,44437,43925,Alto Crescimento
2014,C,Indústrias de transformação,16,Fabricação de produtos de madeira,225,16509,16171,Alto Crescimento
2014,C,Indústrias de transformação,17,"Fabricação de celulose, papel e produtos de papel",121,16005,15841,Alto Crescimento
2014,C,Indústrias de transformação,18,Impressão e reprodução de gravações,113,8264,8107,Alto Crescimento
2014,C,Indústrias de transformação,19,"Fabricação de coque, de produtos derivados do petróleo e de biocombustíveis",24,18353,18325,Alto Crescimento
2014,C,Indústrias de transformação,20,Fabricação de produtos químicos,238,39597,39212,Alto Crescimento
2014,C,Indústrias de transformação,21,Fabricação de produtos farmoquímicos e farmacêuticos,30,12348,12312,Alto Crescimento
2014,C,Indústrias de transformação,22,Fabricação de produtos de borracha e de material plástico,449,46469,45803,Alto Crescimento
2014,C,Indústrias de transformação,23,Fabricação de produtos de minerais não-metálicos,488,39693,38928,Alto Crescimento
2014,C,Indústrias de transformação,24,Metalurgia,99,16393,16257,Alto Crescimento
2014,C,Indústrias de transformação,25,"Fabricação de produtos de metal, exceto máquinas e equipamentos",557,44640,43820,Alto Crescimento
2014,C,Indústrias de transformação,26,"Fabricação de equipamentos de informática, produtos eletrônicos e ópticos",97,23559,23391,Alto Crescimento
2014,C,Indústrias de transformação,27,"Fabricação de máquinas, aparelhos e materiais elétricos",131,31305,31097,Alto Crescimento
2014,C,Indústrias de transformação,28,Fabricação de máquinas e equipamentos,364,40044,39486,Alto Crescimento
2014,C,Indústrias de transformação,29,"Fabricação de veículos automotores, reboques e carrocerias",136,30164,29963,Alto Crescimento
2014,C,Indústrias de transformação,30,"Fabricação de outros equipamentos de transporte, exceto veículos automotores",44,33081,33019,Alto Crescimento
2014,C,Indústrias de transformação,31,Fabricação de móveis,338,25640,25130,Alto Crescimento
2014,C,Indústrias de transformação,32,Fabricação de produtos diversos,188,14959,14687,Alto Crescimento
2014,C,Indústrias de transformação,33,"Manutenção, reparação e instalação de máquinas e equipamentos",254,23137,22770,Alto Crescimento
2014,D,Eletricidade e gás,35,"Eletricidade, gás e outras utilidades",28,-1,-1,Alto Crescimento
2014,E,"Água, esgoto, atividades de gestão de resíduos e descontaminação",36,"Captação, tratamento e distribuição de água",10,-1,-1,Alto Crescimento
2014,E,"Água, esgoto, atividades de gestão de resíduos e descontaminação",37,Esgoto e atividades relacionadas,26,3926,3900,Alto Crescimento
2014,E,"Água, esgoto, atividades de gestão de resíduos e descontaminação",38,"Coleta, tratamento e disposição de resíduos; recuperação de materiais",135,46623,46435,Alto Crescimento
2014,E,"Água, esgoto, atividades de gestão de resíduos e descontaminação",39,Descontaminação e outros serviços de gestão de resíduos,2,-1,-1,Alto Crescimento
2014,F,Construção,41,Construção de edifícios,1950,262360,259357,Alto Crescimento
2014,F,Construção,42,Obras de infraestrutura,704,268940,267810,Alto Crescimento
2014,F,Construção,43,Serviços especializados para construção,1149,111135,109442,Alto Crescimento
2014,G,Comércio; reparação de veículos automotores e motocicletas,45,Comércio e reparação de veículos automotores e motocicletas,708,53311,52408,Alto Crescimento
2014,G,Comércio; reparação de veículos automotores e motocicletas,46,"Comércio por atacado, exceto veículos automotores e motocicletas",2119,215771,212654,Alto Crescimento
2014,G,Comércio; reparação de veículos automotores e motocicletas,47,Comércio varejista,5437,506822,499152,Alto Crescimento
2014,H,"Transporte, armazenagem e correio",49,Transporte terrestre,1658,220999,218189,Alto Crescimento
2014,H,"Transporte, armazenagem e correio",50,Transporte aquaviário,43,5922,5868,Alto Crescimento
2014,H,"Transporte, armazenagem e correio",51,Transporte aéreo,12,11519,11493,Alto Crescimento
2014,H,"Transporte, armazenagem e correio",52,Armazenamento e atividades auxiliares dos transportes,384,60768,60085,Alto Crescimento
2014,H,"Transporte, armazenagem e correio",53,Correio e outras atividades de entrega,121,10067,9909,Alto Crescimento
2014,I,Alojamento e alimentação,55,Alojamento,266,22482,22055,Alto Crescimento
2014,I,Alojamento e alimentação,56,Alimentação,1457,142125,140027,Alto Crescimento
2014,J,Informação e comunicação,58,Edição e edição integrada à impressão,53,6181,6095,Alto Crescimento
2014,J,Informação e comunicação,59,"Atividades cinematográficas, produção de vídeos e de programas de televisão; gravação de som e edição de música",20,3014,2978,Alto Crescimento
2014,J,Informação e comunicação,60,Atividades de rádio e de televisão,39,5975,5932,Alto Crescimento
2014,J,Informação e comunicação,61,Telecomunicações,173,40421,40122,Alto Crescimento
2014,J,Informação e comunicação,62,Atividades dos serviços de tecnologia da informação,505,71698,70716,Alto Crescimento
2014,J,Informação e comunicação,63,Atividades de prestação de serviços de informação,100,12753,12586,Alto Crescimento
2014,K,"Atividades financeiras, de seguros e serviços relacionados",64,Atividades de serviços financeiros,205,27329,26160,Alto Crescimento
2014,K,"Atividades financeiras, de seguros e serviços relacionados",65,"Seguros, resseguros, previdência complementar e planos de saúde",60,24365,24019,Alto Crescimento
2014,K,"Atividades financeiras, de seguros e serviços relacionados",66,"Atividades auxiliares dos serviços financeiros, seguros, previdência complementar e planos de saúde",106,13021,12767,Alto Crescimento
2014,L,Atividades imobiliárias,68,Atividades imobiliárias,149,11856,11557,Alto Crescimento
2014,M,"Atividades profissionais, científicas e técnicas",69,"Atividades jurídicas, de contabilidade e de auditoria",395,20957,19999,Alto Crescimento
2014,M,"Atividades profissionais, científicas e técnicas",70,Atividades de sedes de empresas e de consultoria em gestão empresarial,93,19545,19327,Alto Crescimento
2014,M,"Atividades profissionais, científicas e técnicas",71,Serviços de arquitetura e engenharia; testes e análises técnicas,384,47639,46884,Alto Crescimento
2014,M,"Atividades profissionais, científicas e técnicas",72,Pesquisa e desenvolvimento científico,3,261,256,Alto Crescimento
2014,M,"Atividades profissionais, científicas e técnicas",73,Publicidade e pesquisa de mercado,105,11815,11631,Alto Crescimento
2014,M,"Atividades profissionais, científicas e técnicas",74,"Outras atividades profissionais, científicas e técnicas",81,9100,8942,Alto Crescimento
2014,M,"Atividades profissionais, científicas e técnicas",75,Atividades veterinárias,6,394,386,Alto Crescimento
2014,N,Atividades administrativas e serviços complementares,77,Aluguéis não-imobiliários e gestão de ativos intangíveis não-financeiros,428,42584,41929,Alto Crescimento
2014,N,Atividades administrativas e serviços complementares,78,"Seleção, agenciamento e locação de mão-de-obra",379,203079,202537,Alto Crescimento
2014,N,Atividades administrativas e serviços complementares,79,"Agências de viagens, operadores turísticos e serviços de reservas",98,6875,6702,Alto Crescimento
2014,N,Atividades administrativas e serviços complementares,80,"Atividades de vigilância, segurança e investigação",475,213068,212428,Alto Crescimento
2014,N,Atividades administrativas e serviços complementares,81,Serviços para edifícios e atividades paisagísticas,965,254326,253009,Alto Crescimento
2014,N,Atividades administrativas e serviços complementares,82,"Serviços de escritório, de apoio administrativo e outros serviços prestados às empresas",769,308070,306951,Alto Crescimento
2014,O,"Administração pública, defesa e seguridade social",84,"Administração pública, defesa e seguridade social",2,-1,-1,Alto Crescimento
2014,P,Educação,85,Educação,1330,87103,84534,Alto Crescimento
2014,Q,Saúde humana e serviços sociais,86,Atividades de atenção à saúde humana,615,73564,71388,Alto Crescimento
2014,Q,Saúde humana e serviços sociais,87,"Atividades de atenção à saúde humana integradas com assistência social, prestadas em residências coletivas e particulares",49,-1,-1,Alto Crescimento
2014,Q,Saúde humana e serviços sociais,88,Serviços de assistência social sem alojamento,1,-1,-1,Alto Crescimento
2014,R,"Artes, cultura, esporte e recreação",90,"Atividades artísticas, criativas e de espetáculos",10,453,431,Alto Crescimento
2014,R,"Artes, cultura, esporte e recreação",91,Atividades ligadas ao patrimônio cultural e ambiental,3,131,125,Alto Crescimento
2014,R,"Artes, cultura, esporte e recreação",92,Atividades de exploração de jogos de azar e apostas,-1,-1,-1,Alto Crescimento
2014,R,"Artes, cultura, esporte e recreação",93,Atividades esportivas e de recreação e lazer,136,9566,9371,Alto Crescimento
2014,S,Outras atividades de serviços,94,Atividades de organizações associativas,8,458,415,Alto Crescimento
2014,S,Outras atividades de serviços,95,Reparação e manutenção de equipamentos de informática e comunicação e de objetos pessoais e domésticos,173,16202,15955,Alto Crescimento
2014,S,Outras atividades de serviços,96,Outras atividades de serviços pessoais,216,16614,16282,Alto Crescimento
2014,U,Organismos internacionais e outras instituições extraterritoriais,99,Organismos internacionais e outras instituições extraterritoriais,-1,-1,-1,Alto Crescimento
2014,A,"Agricultura, pecuária, produção florestal, pesca e aquicultura",1,"Agricultura, pecuária e serviços relacionados",111,26852,26649,Gazela
2014,A,"Agricultura, pecuária, produção florestal, pesca e aquicultura",2,Produção florestal,33,4398,4327,Gazela
2014,A,"Agricultura, pecuária, produção florestal, pesca e aquicultura",3,Pesca e aquicultura,6,408,395,Gazela
2014,B,Indústrias extrativas,5,Extração de carvão mineral,-1,-1,-1,Gazela
2014,B,Indústrias extrativas,6,Extração de petróleo e gás natural,3,197,197,Gazela
2014,B,Indústrias extrativas,7,Extração de minerais metálicos,12,2625,2608,Gazela
2014,B,Indústrias extrativas,8,Extração de minerais não-metálicos,23,1117,1064,Gazela
2014,B,Indústrias extrativas,9,Atividades de apoio à extração de minerais,12,8676,8666,Gazela
2014,C,Indústrias de transformação,10,Fabricação de produtos alimentícios,282,34686,34287,Gazela
2014,C,Indústrias de transformação,11,Fabricação de bebidas,18,2033,2013,Gazela
2014,C,Indústrias de transformação,12,Fabricação de produtos do fumo,2,-1,-1,Gazela
2014,C,Indústrias de transformação,13,Fabricação de produtos têxteis,98,6797,6669,Gazela
2014,C,Indústrias de transformação,14,Confecção de artigos do vestuário e acessórios,443,31467,30900,Gazela
2014,C,Indústrias de transformação,15,"Preparação de couros e fabricação de artefatos de couro, artigos para viagem e calçados",165,13593,13381,Gazela
2014,C,Indústrias de transformação,16,Fabricação de produtos de madeira,85,4501,4384,Gazela
2014,C,Indústrias de transformação,17,"Fabricação de celulose, papel e produtos de papel",39,2715,2669,Gazela
2014,C,Indústrias de transformação,18,Impressão e reprodução de gravações,39,2249,2193,Gazela
2014,C,Indústrias de transformação,19,"Fabricação de coque, de produtos derivados do petróleo e de biocombustíveis",9,9847,9837,Gazela
2014,C,Indústrias de transformação,20,Fabricação de produtos químicos,61,7161,7074,Gazela
2014,C,Indústrias de transformação,21,Fabricação de produtos farmoquímicos e farmacêuticos,3,-1,-1,Gazela
2014,C,Indústrias de transformação,22,Fabricação de produtos de borracha e de material plástico,175,13038,12766,Gazela
2014,C,Indústrias de transformação,23,Fabricação de produtos de minerais não-metálicos,201,11672,11381,Gazela
2014,C,Indústrias de transformação,24,Metalurgia,35,2762,2721,Gazela
2014,C,Indústrias de transformação,25,"Fabricação de produtos de metal, exceto máquinas e equipamentos",215,15486,15204,Gazela
2014,C,Indústrias de transformação,26,"Fabricação de equipamentos de informática, produtos eletrônicos e ópticos",37,7416,7361,Gazela
2014,C,Indústrias de transformação,27,"Fabricação de máquinas, aparelhos e materiais elétricos",44,9311,9238,Gazela
2014,C,Indústrias de transformação,28,Fabricação de máquinas e equipamentos,91,6604,6463,Gazela
2014,C,Indústrias de transformação,29,"Fabricação de veículos automotores, reboques e carrocerias",44,8718,8628,Gazela
2014,C,Indústrias de transformação,30,"Fabricação de outros equipamentos de transporte, exceto veículos automotores",21,25253,25221,Gazela
2014,C,Indústrias de transformação,31,Fabricação de móveis,134,6924,6731,Gazela
2014,C,Indústrias de transformação,32,Fabricação de produtos diversos,72,3756,3653,Gazela
2014,C,Indústrias de transformação,33,"Manutenção, reparação e instalação de máquinas e equipamentos",127,7319,7132,Gazela
2014,D,Eletricidade e gás,35,"Eletricidade, gás e outras utilidades",16,2295,2248,Gazela
2014,E,"Água, esgoto, atividades de gestão de resíduos e descontaminação",36,"Captação, tratamento e distribuição de água",3,446,444,Gazela
2014,E,"Água, esgoto, atividades de gestão de resíduos e descontaminação",37,Esgoto e atividades relacionadas,4,959,959,Gazela
2014,E,"Água, esgoto, atividades de gestão de resíduos e descontaminação",38,"Coleta, tratamento e disposição de resíduos; recuperação de materiais",55,4879,4799,Gazela
2014,E,"Água, esgoto, atividades de gestão de resíduos e descontaminação",39,Descontaminação e outros serviços de gestão de resíduos,-1,-1,-1,Gazela
2014,F,Construção,41,Construção de edifícios,824,75428,74264,Gazela
2014,F,Construção,42,Obras de infraestrutura,213,80043,79745,Gazela
2014,F,Construção,43,Serviços especializados para construção,553,40130,39332,Gazela
2014,G,Comércio; reparação de veículos automotores e motocicletas,45,Comércio e reparação de veículos automotores e motocicletas,283,18691,18355,Gazela
2014,G,Comércio; reparação de veículos automotores e motocicletas,46,"Comércio por atacado, exceto veículos automotores e motocicletas",732,51258,50282,Gazela
2014,G,Comércio; reparação de veículos automotores e motocicletas,47,Comércio varejista,2098,136221,133363,Gazela
2014,H,"Transporte, armazenagem e correio",49,Transporte terrestre,589,55422,54534,Gazela
2014,H,"Transporte, armazenagem e correio",50,Transporte aquaviário,15,2412,2394,Gazela
2014,H,"Transporte, armazenagem e correio",51,Transporte aéreo,4,10731,10723,Gazela
2014,H,"Transporte, armazenagem e correio",52,Armazenamento e atividades auxiliares dos transportes,175,20229,19976,Gazela
2014,H,"Transporte, armazenagem e correio",53,Correio e outras atividades de entrega,75,5624,5527,Gazela
2014,I,Alojamento e alimentação,55,Alojamento,84,6308,6193,Gazela
2014,I,Alojamento e alimentação,56,Alimentação,758,55018,53979,Gazela
2014,J,Informação e comunicação,58,Edição e edição integrada à impressão,14,1148,1132,Gazela
2014,J,Informação e comunicação,59,"Atividades cinematográficas, produção de vídeos e de programas de televisão; gravação de som e edição de música",7,1737,1730,Gazela
2014,J,Informação e comunicação,60,Atividades de rádio e de televisão,4,2716,2711,Gazela
2014,J,Informação e comunicação,61,Telecomunicações,65,5920,5812,Gazela
2014,J,Informação e comunicação,62,Atividades dos serviços de tecnologia da informação,162,17666,17379,Gazela
2014,J,Informação e comunicação,63,Atividades de prestação de serviços de informação,41,2699,2623,Gazela
2014,K,"Atividades financeiras, de seguros e serviços relacionados",64,Atividades de serviços financeiros,51,5551,5368,Gazela
2014,K,"Atividades financeiras, de seguros e serviços relacionados",65,"Seguros, resseguros, previdência complementar e planos de saúde",6,368,354,Gazela
2014,K,"Atividades financeiras, de seguros e serviços relacionados",66,"Atividades auxiliares dos serviços financeiros, seguros, previdência complementar e planos de saúde",41,4149,4042,Gazela
2014,L,Atividades imobiliárias,68,Atividades imobiliárias,49,3457,3367,Gazela
2014,M,"Atividades profissionais, científicas e técnicas",69,"Atividades jurídicas, de contabilidade e de auditoria",117,4472,4225,Gazela
2014,M,"Atividades profissionais, científicas e técnicas",70,Atividades de sedes de empresas e de consultoria em gestão empresarial,41,6107,6037,Gazela
2014,M,"Atividades profissionais, científicas e técnicas",71,Serviços de arquitetura e engenharia; testes e análises técnicas,127,13150,12919,Gazela
2014,M,"Atividades profissionais, científicas e técnicas",72,Pesquisa e desenvolvimento científico,1,-1,-1,Gazela
2014,M,"Atividades profissionais, científicas e técnicas",73,Publicidade e pesquisa de mercado,54,4382,4304,Gazela
2014,M,"Atividades profissionais, científicas e técnicas",74,"Outras atividades profissionais, científicas e técnicas",27,4703,4656,Gazela
2014,M,"Atividades profissionais, científicas e técnicas",75,Atividades veterinárias,2,-1,-1,Gazela
2014,N,Atividades administrativas e serviços complementares,77,Aluguéis não-imobiliários e gestão de ativos intangíveis não-financeiros,172,11269,11009,Gazela
2014,N,Atividades administrativas e serviços complementares,78,"Seleção, agenciamento e locação de mão-de-obra",149,51409,51185,Gazela
2014,N,Atividades administrativas e serviços complementares,79,"Agências de viagens, operadores turísticos e serviços de reservas",35,2327,2270,Gazela
2014,N,Atividades administrativas e serviços complementares,80,"Atividades de vigilância, segurança e investigação",275,52601,52253,Gazela
2014,N,Atividades administrativas e serviços complementares,81,Serviços para edifícios e atividades paisagísticas,568,97076,96300,Gazela
2014,N,Atividades administrativas e serviços complementares,82,"Serviços de escritório, de apoio administrativo e outros serviços prestados às empresas",437,99761,99169,Gazela
2014,O,"Administração pública, defesa e seguridade social",84,"Administração pública, defesa e seguridade social",1,-1,-1,Gazela
2014,P,Educação,85,Educação,468,23925,23046,Gazela
2014,Q,Saúde humana e serviços sociais,86,Atividades de atenção à saúde humana,139,11542,11118,Gazela
2014,Q,Saúde humana e serviços sociais,87,"Atividades de atenção à saúde humana integradas com assistência social, prestadas em residências coletivas e particulares",23,1539,1462,Gazela
2014,Q,Saúde humana e serviços sociais,88,Serviços de assistência social sem alojamento,-1,-1,-1,Gazela
2014,R,"Artes, cultura, esporte e recreação",90,"Atividades artísticas, criativas e de espetáculos",4,141,132,Gazela
2014,R,"Artes, cultura, esporte e recreação",91,Atividades ligadas ao patrimônio cultural e ambiental,2,-1,-1,Gazela
2014,R,"Artes, cultura, esporte e recreação",92,Atividades de exploração de jogos de azar e apostas,-1,-1,-1,Gazela
2014,R,"Artes, cultura, esporte e recreação",93,Atividades esportivas e de recreação e lazer,64,3821,3763,Gazela
2014,S,Outras atividades de serviços,94,Atividades de organizações associativas,4,148,132,Gazela
2014,S,Outras atividades de serviços,95,Reparação e manutenção de equipamentos de informática e comunicação e de objetos pessoais e domésticos,69,5164,5063,Gazela
2014,S,Outras atividades de serviços,96,Outras atividades de serviços pessoais,105,7129,6985,Gazela
2014,U,Organismos internacionais e outras instituições extraterritoriais,99,Organismos internacionais e outras instituições extraterritoriais,-1,-1,-1,Gazela
2015,A,"Agricultura, pecuária, produção florestal, pesca e aquicultura",1,"Agricultura, pecuária e serviços relacionados",265,36581,35978,Alto Crescimento
2015,A,"Agricultura, pecuária, produção florestal, pesca e aquicultura",2,Produção florestal,57,11508,11354,Alto Crescimento
2015,A,"Agricultura, pecuária, produção florestal, pesca e aquicultura",3,Pesca e aquicultura,25,2778,2705,Alto Crescimento
2015,B,Indústrias extrativas,5,Extração de carvão mineral,-1,-1,-1,Alto Crescimento
2015,B,Indústrias extrativas,6,Extração de petróleo e gás natural,2,-1,-1,Alto Crescimento
2015,B,Indústrias extrativas,7,Extração de minerais metálicos,19,-1,-1,Alto Crescimento
2015,B,Indústrias extrativas,8,Extração de minerais não-metálicos,85,6401,6232,Alto Crescimento
2015,B,Indústrias extrativas,9,Atividades de apoio à extração de minerais,21,9884,9857,Alto Crescimento
2015,C,Indústrias de transformação,10,Fabricação de produtos alimentícios,816,271082,269793,Alto Crescimento
2015,C,Indústrias de transformação,11,Fabricação de bebidas,68,45249,45139,Alto Crescimento
2015,C,Indústrias de transformação,12,Fabricação de produtos do fumo,2,-1,-1,Alto Crescimento
2015,C,Indústrias de transformação,13,Fabricação de produtos têxteis,148,17005,16780,Alto Crescimento
2015,C,Indústrias de transformação,14,Confecção de artigos do vestuário e acessórios,661,56072,55204,Alto Crescimento
2015,C,Indústrias de transformação,15,"Preparação de couros e fabricação de artefatos de couro, artigos para viagem e calçados",272,33665,33294,Alto Crescimento
2015,C,Indústrias de transformação,16,Fabricação de produtos de madeira,196,12458,12167,Alto Crescimento
2015,C,Indústrias de transformação,17,"Fabricação de celulose, papel e produtos de papel",88,22399,22278,Alto Crescimento
2015,C,Indústrias de transformação,18,Impressão e reprodução de gravações,65,-1,-1,Alto Crescimento
2015,C,Indústrias de transformação,19,"Fabricação de coque, de produtos derivados do petróleo e de biocombustíveis",22,13057,13037,Alto Crescimento
2015,C,Indústrias de transformação,20,Fabricação de produtos químicos,179,36021,35754,Alto Crescimento
2015,C,Indústrias de transformação,21,Fabricação de produtos farmoquímicos e farmacêuticos,30,6751,6693,Alto Crescimento
2015,C,Indústrias de transformação,22,Fabricação de produtos de borracha e de material plástico,324,30332,29914,Alto Crescimento
2015,C,Indústrias de transformação,23,Fabricação de produtos de minerais não-metálicos,352,31651,31097,Alto Crescimento
2015,C,Indústrias de transformação,24,Metalurgia,55,9780,9718,Alto Crescimento
2015,C,Indústrias de transformação,25,"Fabricação de produtos de metal, exceto máquinas e equipamentos",400,27412,26810,Alto Crescimento
2015,C,Indústrias de transformação,26,"Fabricação de equipamentos de informática, produtos eletrônicos e ópticos",68,18885,18781,Alto Crescimento
2015,C,Indústrias de transformação,27,"Fabricação de máquinas, aparelhos e materiais elétricos",107,17904,17741,Alto Crescimento
2015,C,Indústrias de transformação,28,Fabricação de máquinas e equipamentos,258,23766,23381,Alto Crescimento
2015,C,Indústrias de transformação,29,"Fabricação de veículos automotores, reboques e carrocerias",100,19477,19344,Alto Crescimento
2015,C,Indústrias de transformação,30,"Fabricação de outros equipamentos de transporte, exceto veículos automotores",31,12264,12218,Alto Crescimento
2015,C,Indústrias de transformação,31,Fabricação de móveis,255,18168,17788,Alto Crescimento
2015,C,Indústrias de transformação,32,Fabricação de produtos diversos,114,8901,8717,Alto Crescimento
2015,C,Indústrias de transformação,33,"Manutenção, reparação e instalação de máquinas e equipamentos",213,19476,19198,Alto Crescimento
2015,D,Eletricidade e gás,35,"Eletricidade, gás e outras utilidades",32,-1,-1,Alto Crescimento
2015,E,"Água, esgoto, atividades de gestão de resíduos e descontaminação",36,"Captação, tratamento e distribuição de água",7,308,303,Alto Crescimento
2015,E,"Água, esgoto, atividades de gestão de resíduos e descontaminação",37,Esgoto e atividades relacionadas,17,2279,2260,Alto Crescimento
2015,E,"Água, esgoto, atividades de gestão de resíduos e descontaminação",38,"Coleta, tratamento e disposição de resíduos; recuperação de materiais",114,25113,24968,Alto Crescimento
2015,E,"Água, esgoto, atividades de gestão de resíduos e descontaminação",39,Descontaminação e outros serviços de gestão de resíduos,3,186,185,Alto Crescimento
2015,F,Construção,41,Construção de edifícios,1416,172241,170045,Alto Crescimento
2015,F,Construção,42,Obras de infraestrutura,538,128499,127657,Alto Crescimento
2015,F,Construção,43,Serviços especializados para construção,944,94199,92817,Alto Crescimento
2015,G,Comércio; reparação de veículos automotores e motocicletas,45,Comércio e reparação de veículos automotores e motocicletas,579,40847,40131,Alto Crescimento
2015,G,Comércio; reparação de veículos automotores e motocicletas,46,"Comércio por atacado, exceto veículos automotores e motocicletas",1719,175992,173646,Alto Crescimento
2015,G,Comércio; reparação de veículos automotores e motocicletas,47,Comércio varejista,4541,390209,384256,Alto Crescimento
2015,H,"Transporte, armazenagem e correio",49,Transporte terrestre,1434,165075,162724,Alto Crescimento
2015,H,"Transporte, armazenagem e correio",50,Transporte aquaviário,36,3788,3747,Alto Crescimento
2015,H,"Transporte, armazenagem e correio",51,Transporte aéreo,12,11440,11421,Alto Crescimento
2015,H,"Transporte, armazenagem e correio",52,Armazenamento e atividades auxiliares dos transportes,302,51957,51529,Alto Crescimento
2015,H,"Transporte, armazenagem e correio",53,Correio e outras atividades de entrega,94,6923,6798,Alto Crescimento
2015,I,Alojamento e alimentação,55,Alojamento,233,21586,21219,Alto Crescimento
2015,I,Alojamento e alimentação,56,Alimentação,1197,91835,90171,Alto Crescimento
2015,J,Informação e comunicação,58,Edição e edição integrada à impressão,44,6945,6876,Alto Crescimento
2015,J,Informação e comunicação,59,"Atividades cinematográficas, produção de vídeos e de programas de televisão; gravação de som e edição de música",23,3792,3758,Alto Crescimento
2015,J,Informação e comunicação,60,Atividades de rádio e de televisão,30,2956,2921,Alto Crescimento
2015,J,Informação e comunicação,61,Telecomunicações,211,70759,70423,Alto Crescimento
2015,J,Informação e comunicação,62,Atividades dos serviços de tecnologia da informação,457,73505,72681,Alto Crescimento
2015,J,Informação e comunicação,63,Atividades de prestação de serviços de informação,81,7473,7348,Alto Crescimento
2015,K,"Atividades financeiras, de seguros e serviços relacionados",64,Atividades de serviços financeiros,200,23641,22476,Alto Crescimento
2015,K,"Atividades financeiras, de seguros e serviços relacionados",65,"Seguros, resseguros, previdência complementar e planos de saúde",50,20867,20642,Alto Crescimento
2015,K,"Atividades financeiras, de seguros e serviços relacionados",66,"Atividades auxiliares dos serviços financeiros, seguros, previdência complementar e planos de saúde",95,11983,11789,Alto Crescimento
2015,L,Atividades imobiliárias,68,Atividades imobiliárias,114,8777,8595,Alto Crescimento
2015,M,"Atividades profissionais, científicas e técnicas",69,"Atividades jurídicas, de contabilidade e de auditoria",279,16081,15403,Alto Crescimento
2015,M,"Atividades profissionais, científicas e técnicas",70,Atividades de sedes de empresas e de consultoria em gestão empresarial,85,13324,13174,Alto Crescimento
2015,M,"Atividades profissionais, científicas e técnicas",71,Serviços de arquitetura e engenharia; testes e análises técnicas,284,38438,37937,Alto Crescimento
2015,M,"Atividades profissionais, científicas e técnicas",72,Pesquisa e desenvolvimento científico,4,131,127,Alto Crescimento
2015,M,"Atividades profissionais, científicas e técnicas",73,Publicidade e pesquisa de mercado,79,9638,9513,Alto Crescimento
2015,M,"Atividades profissionais, científicas e técnicas",74,"Outras atividades profissionais, científicas e técnicas",77,12267,12118,Alto Crescimento
2015,M,"Atividades profissionais, científicas e técnicas",75,Atividades veterinárias,8,226,212,Alto Crescimento
2015,N,Atividades administrativas e serviços complementares,77,Aluguéis não-imobiliários e gestão de ativos intangíveis não-financeiros,323,35994,35549,Alto Crescimento
2015,N,Atividades administrativas e serviços complementares,78,"Seleção, agenciamento e locação de mão-de-obra",332,172030,171574,Alto Crescimento
2015,N,Atividades administrativas e serviços complementares,79,"Agências de viagens, operadores turísticos e serviços de reservas",73,4550,4417,Alto Crescimento
2015,N,Atividades administrativas e serviços complementares,80,"Atividades de vigilância, segurança e investigação",412,136817,136309,Alto Crescimento
2015,N,Atividades administrativas e serviços complementares,81,Serviços para edifícios e atividades paisagísticas,926,220661,219430,Alto Crescimento
2015,N,Atividades administrativas e serviços complementares,82,"Serviços de escritório, de apoio administrativo e outros serviços prestados às empresas",692,226907,225924,Alto Crescimento
2015,O,"Administração pública, defesa e seguridade social",84,"Administração pública, defesa e seguridade social",2,-1,-1,Alto Crescimento
2015,P,Educação,85,Educação,1336,77615,74994,Alto Crescimento
2015,Q,Saúde humana e serviços sociais,86,Atividades de atenção à saúde humana,524,81001,79230,Alto Crescimento
2015,Q,Saúde humana e serviços sociais,87,"Atividades de atenção à saúde humana integradas com assistência social, prestadas em residências coletivas e particulares",72,4966,4761,Alto Crescimento
2015,Q,Saúde humana e serviços sociais,88,Serviços de assistência social sem alojamento,-1,-1,-1,Alto Crescimento
2015,R,"Artes, cultura, esporte e recreação",90,"Atividades artísticas, criativas e de espetáculos",7,489,469,Alto Crescimento
2015,R,"Artes, cultura, esporte e recreação",91,Atividades ligadas ao patrimônio cultural e ambiental,3,259,253,Alto Crescimento
2015,R,"Artes, cultura, esporte e recreação",92,Atividades de exploração de jogos de azar e apostas,-1,-1,-1,Alto Crescimento
2015,R,"Artes, cultura, esporte e recreação",93,Atividades esportivas e de recreação e lazer,122,9028,8860,Alto Crescimento
2015,S,Outras atividades de serviços,94,Atividades de organizações associativas,6,336,291,Alto Crescimento
2015,S,Outras atividades de serviços,95,Reparação e manutenção de equipamentos de informática e comunicação e de objetos pessoais e domésticos,145,13737,13550,Alto Crescimento
2015,S,Outras atividades de serviços,96,Outras atividades de serviços pessoais,184,13744,13498,Alto Crescimento
2015,U,Organismos internacionais e outras instituições extraterritoriais,99,Organismos internacionais e outras instituições extraterritoriais,-1,-1,-1,Alto Crescimento
2015,A,"Agricultura, pecuária, produção florestal, pesca e aquicultura",1,"Agricultura, pecuária e serviços relacionados",128,14189,13956,Gazela
2015,A,"Agricultura, pecuária, produção florestal, pesca e aquicultura",2,Produção florestal,20,1524,1474,Gazela
2015,A,"Agricultura, pecuária, produção florestal, pesca e aquicultura",3,Pesca e aquicultura,11,784,749,Gazela
2015,B,Indústrias extrativas,5,Extração de carvão mineral,-1,-1,-1,Gazela
2015,B,Indústrias extrativas,6,Extração de petróleo e gás natural,1,-1,-1,Gazela
2015,B,Indústrias extrativas,7,Extração de minerais metálicos,5,-1,-1,Gazela
2015,B,Indústrias extrativas,8,Extração de minerais não-metálicos,17,935,902,Gazela
2015,B,Indústrias extrativas,9,Atividades de apoio à extração de minerais,9,1585,1584,Gazela
2015,C,Indústrias de transformação,10,Fabricação de produtos alimentícios,272,34584,34174,Gazela
2015,C,Indústrias de transformação,11,Fabricação de bebidas,16,4841,4824,Gazela
2015,C,Indústrias de transformação,12,Fabricação de produtos do fumo,1,-1,-1,Gazela
2015,C,Indústrias de transformação,13,Fabricação de produtos têxteis,53,5145,5087,Gazela
2015,C,Indústrias de transformação,14,Confecção de artigos do vestuário e acessórios,329,20756,20336,Gazela
2015,C,Indústrias de transformação,15,"Preparação de couros e fabricação de artefatos de couro, artigos para viagem e calçados",122,10439,10290,Gazela
2015,C,Indústrias de transformação,16,Fabricação de produtos de madeira,71,3645,3541,Gazela
2015,C,Indústrias de transformação,17,"Fabricação de celulose, papel e produtos de papel",32,1684,1640,Gazela
2015,C,Indústrias de transformação,18,Impressão e reprodução de gravações,27,-1,-1,Gazela
2015,C,Indústrias de transformação,19,"Fabricação de coque, de produtos derivados do petróleo e de biocombustíveis",5,1547,1544,Gazela
2015,C,Indústrias de transformação,20,Fabricação de produtos químicos,45,3008,2948,Gazela
2015,C,Indústrias de transformação,21,Fabricação de produtos farmoquímicos e farmacêuticos,4,1814,1812,Gazela
2015,C,Indústrias de transformação,22,Fabricação de produtos de borracha e de material plástico,127,11128,10958,Gazela
2015,C,Indústrias de transformação,23,Fabricação de produtos de minerais não-metálicos,151,10065,9851,Gazela
2015,C,Indústrias de transformação,24,Metalurgia,26,4572,4548,Gazela
2015,C,Indústrias de transformação,25,"Fabricação de produtos de metal, exceto máquinas e equipamentos",180,10318,10065,Gazela
2015,C,Indústrias de transformação,26,"Fabricação de equipamentos de informática, produtos eletrônicos e ópticos",26,2394,2361,Gazela
2015,C,Indústrias de transformação,27,"Fabricação de máquinas, aparelhos e materiais elétricos",44,5997,5939,Gazela
2015,C,Indústrias de transformação,28,Fabricação de máquinas e equipamentos,81,6068,5954,Gazela
2015,C,Indústrias de transformação,29,"Fabricação de veículos automotores, reboques e carrocerias",34,3717,3675,Gazela
2015,C,Indústrias de transformação,30,"Fabricação de outros equipamentos de transporte, exceto veículos automotores",17,7996,7970,Gazela
2015,C,Indústrias de transformação,31,Fabricação de móveis,107,5878,5725,Gazela
2015,C,Indústrias de transformação,32,Fabricação de produtos diversos,37,2222,2157,Gazela
2015,C,Indústrias de transformação,33,"Manutenção, reparação e instalação de máquinas e equipamentos",107,6715,6580,Gazela
2015,D,Eletricidade e gás,35,"Eletricidade, gás e outras utilidades",14,-1,-1,Gazela
2015,E,"Água, esgoto, atividades de gestão de resíduos e descontaminação",36,"Captação, tratamento e distribuição de água",3,-1,-1,Gazela
2015,E,"Água, esgoto, atividades de gestão de resíduos e descontaminação",37,Esgoto e atividades relacionadas,5,834,831,Gazela
2015,E,"Água, esgoto, atividades de gestão de resíduos e descontaminação",38,"Coleta, tratamento e disposição de resíduos; recuperação de materiais",44,5403,5354,Gazela
2015,E,"Água, esgoto, atividades de gestão de resíduos e descontaminação",39,Descontaminação e outros serviços de gestão de resíduos,1,-1,-1,Gazela
2015,F,Construção,41,Construção de edifícios,627,50917,50002,Gazela
2015,F,Construção,42,Obras de infraestrutura,172,46857,46635,Gazela
2015,F,Construção,43,Serviços especializados para construção,468,35438,34779,Gazela
2015,G,Comércio; reparação de veículos automotores e motocicletas,45,Comércio e reparação de veículos automotores e motocicletas,246,15366,15112,Gazela
2015,G,Comércio; reparação de veículos automotores e motocicletas,46,"Comércio por atacado, exceto veículos automotores e motocicletas",619,43559,42759,Gazela
2015,G,Comércio; reparação de veículos automotores e motocicletas,47,Comércio varejista,1680,110025,108003,Gazela
2015,H,"Transporte, armazenagem e correio",49,Transporte terrestre,497,39008,38280,Gazela
2015,H,"Transporte, armazenagem e correio",50,Transporte aquaviário,9,904,896,Gazela
2015,H,"Transporte, armazenagem e correio",51,Transporte aéreo,5,10861,10851,Gazela
2015,H,"Transporte, armazenagem e correio",52,Armazenamento e atividades auxiliares dos transportes,140,17831,17689,Gazela
2015,H,"Transporte, armazenagem e correio",53,Correio e outras atividades de entrega,57,3481,3409,Gazela
2015,I,Alojamento e alimentação,55,Alojamento,76,10090,9964,Gazela
2015,I,Alojamento e alimentação,56,Alimentação,625,45528,44666,Gazela
2015,J,Informação e comunicação,58,Edição e edição integrada à impressão,9,549,539,Gazela
2015,J,Informação e comunicação,59,"Atividades cinematográficas, produção de vídeos e de programas de televisão; gravação de som e edição de música",10,3041,3033,Gazela
2015,J,Informação e comunicação,60,Atividades de rádio e de televisão,3,154,151,Gazela
2015,J,Informação e comunicação,61,Telecomunicações,88,4867,4723,Gazela
2015,J,Informação e comunicação,62,Atividades dos serviços de tecnologia da informação,161,20932,20705,Gazela
2015,J,Informação e comunicação,63,Atividades de prestação de serviços de informação,36,2988,2922,Gazela
2015,K,"Atividades financeiras, de seguros e serviços relacionados",64,Atividades de serviços financeiros,44,3243,3040,Gazela
2015,K,"Atividades financeiras, de seguros e serviços relacionados",65,"Seguros, resseguros, previdência complementar e planos de saúde",10,586,564,Gazela
2015,K,"Atividades financeiras, de seguros e serviços relacionados",66,"Atividades auxiliares dos serviços financeiros, seguros, previdência complementar e planos de saúde",38,3340,3251,Gazela
2015,L,Atividades imobiliárias,68,Atividades imobiliárias,40,2437,2377,Gazela
2015,M,"Atividades profissionais, científicas e técnicas",69,"Atividades jurídicas, de contabilidade e de auditoria",100,4443,4234,Gazela
2015,M,"Atividades profissionais, científicas e técnicas",70,Atividades de sedes de empresas e de consultoria em gestão empresarial,38,3545,3493,Gazela
2015,M,"Atividades profissionais, científicas e técnicas",71,Serviços de arquitetura e engenharia; testes e análises técnicas,79,8791,8647,Gazela
2015,M,"Atividades profissionais, científicas e técnicas",72,Pesquisa e desenvolvimento científico,3,97,94,Gazela
2015,M,"Atividades profissionais, científicas e técnicas",73,Publicidade e pesquisa de mercado,44,4114,4041,Gazela
2015,M,"Atividades profissionais, científicas e técnicas",74,"Outras atividades profissionais, científicas e técnicas",33,3937,3888,Gazela
2015,M,"Atividades profissionais, científicas e técnicas",75,Atividades veterinárias,5,141,134,Gazela
2015,N,Atividades administrativas e serviços complementares,77,Aluguéis não-imobiliários e gestão de ativos intangíveis não-financeiros,125,8619,8435,Gazela
2015,N,Atividades administrativas e serviços complementares,78,"Seleção, agenciamento e locação de mão-de-obra",122,42963,42802,Gazela
2015,N,Atividades administrativas e serviços complementares,79,"Agências de viagens, operadores turísticos e serviços de reservas",26,1559,1517,Gazela
2015,N,Atividades administrativas e serviços complementares,80,"Atividades de vigilância, segurança e investigação",250,50979,50672,Gazela
2015,N,Atividades administrativas e serviços complementares,81,Serviços para edifícios e atividades paisagísticas,547,88574,87880,Gazela
2015,N,Atividades administrativas e serviços complementares,82,"Serviços de escritório, de apoio administrativo e outros serviços prestados às empresas",418,59219,58663,Gazela
2015,O,"Administração pública, defesa e seguridade social",84,"Administração pública, defesa e seguridade social",2,-1,-1,Gazela
2015,P,Educação,85,Educação,466,21717,20869,Gazela
2015,Q,Saúde humana e serviços sociais,86,Atividades de atenção à saúde humana,141,29952,29538,Gazela
2015,Q,Saúde humana e serviços sociais,87,"Atividades de atenção à saúde humana integradas com assistência social, prestadas em residências coletivas e particulares",42,2785,2685,Gazela
2015,Q,Saúde humana e serviços sociais,88,Serviços de assistência social sem alojamento,-1,-1,-1,Gazela
2015,R,"Artes, cultura, esporte e recreação",90,"Atividades artísticas, criativas e de espetáculos",3,-1,-1,Gazela
2015,R,"Artes, cultura, esporte e recreação",91,Atividades ligadas ao patrimônio cultural e ambiental,1,-1,-1,Gazela
2015,R,"Artes, cultura, esporte e recreação",92,Atividades de exploração de jogos de azar e apostas,-1,-1,-1,Gazela
2015,R,"Artes, cultura, esporte e recreação",93,Atividades esportivas e de recreação e lazer,58,3513,3441,Gazela
2015,S,Outras atividades de serviços,94,Atividades de organizações associativas,3,211,196,Gazela
2015,S,Outras atividades de serviços,95,Reparação e manutenção de equipamentos de informática e comunicação e de objetos pessoais e domésticos,70,3469,3392,Gazela
2015,S,Outras atividades de serviços,96,Outras atividades de serviços pessoais,95,5849,5729,Gazela
2015,U,Organismos internacionais e outras instituições extraterritoriais,99,Organismos internacionais e outras instituições extraterritoriais,-1,-1,-1,Gazela
